song_id,title,artist,found,spotify_id,popularity,duration_ms,explicit,release_date,tempo,danceability,energy,valence,acousticness,speechiness,instrumentalness,liveness,loudness,key,mode,time_signature
AG_01,"thank u, next",Ariana Grande,True,3e9HZxeyfWwjeyPAMmWSSQ,84,207320,True,2019-02-08,,,,,,,,,,,,
AG_02,7 rings,Ariana Grande,True,6ocbgoVGwYJhOv1GgI9NsF,86,178626,True,2019-02-08,,,,,,,,,,,,
AG_03,positions,Ariana Grande,True,35mvY5S1H3J2QZyna3TFe0,80,172324,True,2020-10-30,,,,,,,,,,,,
AG_04,God is a woman,Ariana Grande,True,5OCJzvD7sykQEKHH7qAC3C,80,197546,True,2018-08-17,,,,,,,,,,,,
AG_05,no tears left to cry,Ariana Grande,True,2qT1uLXPVPzGgFOx4jtEuo,81,205920,False,2018-08-17,,,,,,,,,,,,
AG_06,Problem,Ariana Grande,True,7vS3Y0IKjde7Xg85LWIEdP,81,193920,False,2014-08-22,,,,,,,,,,,,
AG_07,Into You,Ariana Grande,True,63y6xWR4gXz7bnUGOk8iI6,79,244453,False,2016-05-20,,,,,,,,,,,,
AG_08,Side to Side,Ariana Grande,True,43bCmCI0nSgcT7QdMXY6LV,75,226160,True,2016-05-20,,,,,,,,,,,,
AG_09,Break Free,Ariana Grande,True,12KUFSHFgT0XCoiSlvdQi4,83,214840,False,2014-08-22,,,,,,,,,,,,
AG_10,breathin,Ariana Grande,True,4OafepJy2teCjYJbvFE60J,73,198160,True,2018-08-17,,,,,,,,,,,,
AG_11,Rain on Me,Ariana Grande,True,7ju97lgwC2rKQ6wwsf9no9,74,182200,False,2020-05-29,,,,,,,,,,,,
AG_12,stuck with u,Ariana Grande,True,4HBZA5flZLE435QTztThqH,81,228482,False,2020-05-08,,,,,,,,,,,,
BD_01,Blowin' in the Wind,Bob Dylan,True,18GiV1BaXzPVYpp9rmOg0E,71,168756,False,1963-05-27,,,,,,,,,,,,
BD_02,The Times They Are A-Changin',Bob Dylan,True,52vA3CYKZqZVdQnzRrdZt6,69,197020,False,1964-01-13,,,,,,,,,,,,
BD_03,Like a Rolling Stone,Bob Dylan,True,3AhXZa8sUQht0UEdBJgpGc,74,371713,False,1965-08-30,,,,,,,,,,,,
BD_04,Mr. Tambourine Man,Bob Dylan,True,3RkQ3UwOyPqpIiIvGVewuU,67,326706,False,1965-03-22,,,,,,,,,,,,
BD_05,Knockin' on Heaven's Door,Bob Dylan,True,6HSXNV0b4M4cLJ7ljgVVeh,84,149880,False,1973-07-13,,,,,,,,,,,,
BD_06,Tangled Up in Blue,Bob Dylan,True,6Vcwr9tb3ZLO63F8DL8cqu,62,340775,False,1975-01-17,,,,,,,,,,,,
BD_07,Hurricane,Bob Dylan,True,1lqMLr9Wj7SM2F9AikGcxN,70,512609,True,1976-01-16,,,,,,,,,,,,
BD_08,"It Ain't Me, Babe",Bob Dylan,True,5nbNWAfT1S6V1vqj3snHxS,58,212963,False,1964-08-08,,,,,,,,,,,,
BD_09,"Don't Think Twice, It's All Right",Bob Dylan,True,2WOjLF83vqjit2Zh4B69V3,68,220888,False,1963-05-27,,,,,,,,,,,,
BD_10,Lay Lady Lay,Bob Dylan,True,4uYwlMp841PLJmj1gJJwIq,66,201387,False,1969-04-09,,,,,,,,,,,,
BD_11,Simple Twist of Fate,Bob Dylan,True,3wAX3qn53iQUFE84hpfeen,57,257713,False,1975-01-17,,,,,,,,,,,,
BD_12,Shelter from the Storm,Bob Dylan,True,3y4Uza6K58JXQ7RYya8ZI5,60,300862,False,1975-01-17,,,,,,,,,,,,
BD_13,Forever Young,Bob Dylan,True,1qli6fjEVdmMgssWy55eiZ,43,296400,False,1994-11-15,,,,,,,,,,,,
BD_14,Just Like a Woman,Bob Dylan,True,37Dl7jQMmt0gUnzTKqnjkN,54,293828,False,1966-06-20,,,,,,,,,,,,
BD_15,Girl from the North Country,Bob Dylan,True,4K1imZQQ0yKtJ40vGmUajS,67,224153,False,1969-04-09,,,,,,,,,,,,
BE_01,bad guy,Billie Eilish,True,2Fxmhks0bxGSBdJ92vM42m,83,194087,False,2019-03-29,,,,,,,,,,,,
BE_02,Happier Than Ever,Billie Eilish,True,4RVwu0g32PAqgUiJoXsdF8,85,298899,True,2021-07-30,,,,,,,,,,,,
BE_03,lovely,Billie Eilish,True,0u2P5u6lvoDfwTYjAADbn4,88,200185,False,2018-04-19,,,,,,,,,,,,
BE_04,when the party's over,Billie Eilish,False,,,,,,,,,,,,,,,,,
BE_05,ocean eyes,Billie Eilish,True,2uIX8YMNjGMD7441kqyyNU,85,200560,False,2016-11-18,,,,,,,,,,,,
BE_06,everything i wanted,Billie Eilish,True,3ZCTVFBt2Brf31RLEnCkWJ,84,245425,False,2019-11-13,,,,,,,,,,,,
BE_07,Therefore I Am,Billie Eilish,True,20R4HfKloPKgXDqU7UKk3x,73,173539,False,2021-07-30,,,,,,,,,,,,
BE_08,your power,Billie Eilish,True,042Sl6Mn83JHyLEqdK7uI0,74,245896,False,2021-07-30,,,,,,,,,,,,
BE_09,NDA,Billie Eilish,True,38GBNKZUhfBkk3oNlWzRYd,75,195776,True,2021-07-30,,,,,,,,,,,,
BE_10,idontwannabeyouanymore,Billie Eilish,True,41zXlQxzTi6cGAjpOXyLYH,80,203569,False,2017-12-22,,,,,,,,,,,,
BE_11,Getting Older,Billie Eilish,True,4HOryCnbme0zBnF8LWij3f,73,244221,False,2021-07-30,,,,,,,,,,,,
BE_12,Male Fantasy,Billie Eilish,True,4ak9GGe6afmi2HbxEjvhIC,73,194886,False,2021-07-30,,,,,,,,,,,,
BN_01,Kiara,Bonobo,False,,,,,,,,,,,,,,,,,
BN_02,No Reason,Bonobo,False,,,,,,,,,,,,,,,,,
BN_03,Outlier,Bonobo,False,,,,,,,,,,,,,,,,,
BN_04,Break Apart,Bonobo,False,,,,,,,,,,,,,,,,,
BN_05,Bambro Koyo Ganda,Bonobo,False,,,,,,,,,,,,,,,,,
BN_06,Surface,Bonobo,False,,,,,,,,,,,,,,,,,
BN_07,Linked,Bonobo,False,,,,,,,,,,,,,,,,,
BN_08,It Came From the Sea,Bonobo,False,,,,,,,,,,,,,,,,,
BN_09,Kerala,Bonobo,False,,,,,,,,,,,,,,,,,
BN_10,Towers,Bonobo,False,,,,,,,,,,,,,,,,,
BN_11,Prelude,Bonobo,False,,,,,,,,,,,,,,,,,
BN_12,Sapphire,Bonobo,False,,,,,,,,,,,,,,,,,
CB_01,Can't Do Without You,Caribou,True,6yhca6TNRzwG2zp6AuidaE,56,236400,False,2014-10-07,,,,,,,,,,,,
CB_02,Sun,Caribou,True,3yb4akoM3pD2epSSrfx9Es,36,344999,False,2010-04-20,,,,,,,,,,,,
CB_03,Odessa,Caribou,True,3D1P3oPecqAQy2u33gAhsM,50,315585,False,2010-04-20,,,,,,,,,,,,
CB_04,Leave House,Caribou,True,32kINY8k1HFFBiGOVKTim7,27,312459,False,2010-04-20,,,,,,,,,,,,
CB_05,Found Out,Caribou,True,7cgQlPVe2km50oQNagseTR,26,198948,False,2010-04-20,,,,,,,,,,,,
CB_06,Bowls,Caribou,True,60klFmyeLBbiVEbTguDuDH,24,381387,False,2010-04-20,,,,,,,,,,,,
CB_07,Mars,Caribou,True,67AKmHxzWTJZegalIGhodj,21,345666,False,2014-10-07,,,,,,,,,,,,
CB_08,Your Love Will Set You Free,Caribou,True,2i57pciO4zHEXGkDlNSVjf,37,402099,False,2014-10-07,,,,,,,,,,,,
CB_09,Back Home,Caribou,True,4Ol5FZJbRZoZWyoHlZyCgJ,35,213133,False,2014-10-07,,,,,,,,,,,,
CB_10,Never Come Back,Caribou,True,09Duj3JrvK9jhMNpSqZ8f4,46,305480,False,2020-02-28,,,,,,,,,,,,
CB_11,All I Ever Need,Caribou,True,1kfnI9CB9cC9TyRnLJZA9q,34,232746,False,2014-10-07,,,,,,,,,,,,
CB_12,Silver,Caribou,True,7mNfRjYiEpP5FqXIRPPKY1,44,316653,False,2014-10-07,,,,,,,,,,,,
CG_01,Redbone,Childish Gambino,True,3vQ4T78TTMOjQXGfXVKQJo,84,326933,True,2016-12-02,,,,,,,,,,,,
CG_02,This Is America,Childish Gambino,False,,,,,,,,,,,,,,,,,
CG_03,3005,Childish Gambino,False,,,,,,,,,,,,,,,,,
CG_04,Sober,Childish Gambino,False,,,,,,,,,,,,,,,,,
CG_05,Sweatpants,Childish Gambino,False,,,,,,,,,,,,,,,,,
CG_06,V. 3005 (Beach Picnic Version),Childish Gambino,False,,,,,,,,,,,,,,,,,
CG_07,Me and Your Mama,Childish Gambino,False,,,,,,,,,,,,,,,,,
CG_08,Terrified,Childish Gambino,False,,,,,,,,,,,,,,,,,
CG_09,Heartbeat,Childish Gambino,False,,,,,,,,,,,,,,,,,
CG_10,Outside,Childish Gambino,False,,,,,,,,,,,,,,,,,
CG_11,telegraphs,Childish Gambino,False,,,,,,,,,,,,,,,,,
CG_12,California,Childish Gambino,False,,,,,,,,,,,,,,,,,
CH_01,Blessings,Chance the Rapper,True,2VQc9orzwE6a5qFfy54P6e,53,221939,False,2016-05-27,,,,,,,,,,,,
CH_02,No Problem,Chance the Rapper,True,0v9Wz8o0BT8DU38R4ddjeH,66,304606,True,2016-05-27,,,,,,,,,,,,
CH_03,Same Drugs,Chance the Rapper,True,6m9qPYXmhge2QhBLfFKnVF,58,257775,False,2016-05-27,,,,,,,,,,,,
CH_04,Angels,Chance the Rapper,True,0jx8zY5JQsS4YEQcfkoc5C,54,206240,True,2016-05-27,,,,,,,,,,,,
CH_05,Paranoia,Chance the Rapper,True,3AqRtnS48u04MS7hjdlIZg,50,275281,True,2013-04-30,,,,,,,,,,,,
CH_06,Sunday Candy,Chance the Rapper,True,5SVcXBFyidkEVbBgD9Sp3v,58,307187,True,2023-04-30,,,,,,,,,,,,
CH_07,Favorite Song,Chance the Rapper,True,1tyCvK8fhQ1UUVK0nY1JlH,60,185062,True,2013-04-30,,,,,,,,,,,,
CH_08,All We Got,Chance the Rapper,True,3ZLyt2ndLFBh148XRYjYYZ,58,203794,False,2016-05-27,,,,,,,,,,,,
CH_09,Cocoa Butter Kisses,Chance the Rapper,True,5SVcXBFyidkEVbBgD9Sp3v,58,307187,True,2023-04-30,,,,,,,,,,,,
CH_10,Smoke Again,Chance the Rapper,True,4qHK2BNxlVpgIxxvt26hTI,50,272562,True,2013-04-30,,,,,,,,,,,,
CH_11,Hot Shower,Chance the Rapper,True,6TagqfYkLRIo8SPNdyaJ4f,56,225923,True,2019-07-26,,,,,,,,,,,,
CH_12,I Might Need Security,Chance the Rapper,True,3EApebexZ7YqDIqw2EMTDh,48,240640,True,2018-07-19,,,,,,,,,,,,
CW_01,Sleeping on the Blacktop,Colter Wall,True,6fhgO6p9DsTyHqPctyzDkV,75,192480,False,2015-06-02,,,,,,,,,,,,
CW_02,Motorcycle,Colter Wall,True,1z2UyZvguJYmNd47EZP7Qp,63,137706,False,2017-05-12,,,,,,,,,,,,
CW_03,Imaginary Appalachia,Colter Wall,True,6fhgO6p9DsTyHqPctyzDkV,75,192480,False,2015-06-02,,,,,,,,,,,,
CW_04,The Devil Wears a Suit and Tie,Colter Wall,True,43UV5Uk0ntzH6MP8Rx1RKh,71,236026,False,2015-06-02,,,,,,,,,,,,
CW_05,Brands,Colter Wall,True,4pKmkKqR9lBaOBvtPazIGT,53,229800,False,2018-10-12,,,,,,,,,,,,
CW_06,Wild Dogs,Colter Wall,True,38H2ENCTFleUe2CGS2fhR4,43,292466,False,2018-10-12,,,,,,,,,,,,
CW_07,John Beyers,Colter Wall,True,66Ca5hnT9mxshajDCzLcfQ,46,121306,False,2018-10-12,,,,,,,,,,,,
CW_08,Western Swing & Slow Country,Colter Wall,True,0QJKUh0ga2ubfuVs8DM7bq,72,192626,False,2020-08-28,,,,,,,,,,,,
CW_09,Plain to See Plainsman,Colter Wall,True,4pKmkKqR9lBaOBvtPazIGT,53,229800,False,2018-10-12,,,,,,,,,,,,
CW_10,Tying Knots,Colter Wall,True,5qGqAl2TYixQ1JUsJeohl1,42,156920,False,2018-10-12,,,,,,,,,,,,
CW_11,I'm So Lonesome I Could Cry,Colter Wall,True,0QJKUh0ga2ubfuVs8DM7bq,72,192626,False,2020-08-28,,,,,,,,,,,,
CW_12,Song of the Plains,Colter Wall,True,3HOvQ8hExcNftjC1QxgYA9,43,140080,False,2018-10-12,,,,,,,,,,,,
DL_01,Levitating,Dua Lipa,True,39LLxExYz6ewLAcYrzQQyP,82,203807,False,2020-03-27,,,,,,,,,,,,
DL_02,Don't Start Now,Dua Lipa,True,3PfIrDoz19wz7qK7tYeu62,84,183290,False,2020-03-27,,,,,,,,,,,,
DL_03,Physical,Dua Lipa,True,3AzjcOeAmA57TIOr9zF1ZW,79,193829,False,2020-03-27,,,,,,,,,,,,
DL_04,Break My Heart,Dua Lipa,True,017PF4Q3l4DBUiWoXk4OWT,81,221820,False,2020-03-27,,,,,,,,,,,,
DL_05,One Kiss,Dua Lipa,True,7ef4DlsgrMEH11cDZd32M6,82,214846,False,2018-04-06,,,,,,,,,,,,
DL_06,New Rules,Dua Lipa,True,2ekn2ttSfGqwhhate0LSR0,81,209320,False,2017-06-02,,,,,,,,,,,,
DL_07,IDGAF,Dua Lipa,True,76cy1WJvNGJTj78UqeA5zr,77,217946,True,2017-06-02,,,,,,,,,,,,
DL_08,Hallucinate,Dua Lipa,True,1nYeVF5vIBxMxfPoL0SIWg,69,208505,False,2020-03-27,,,,,,,,,,,,
DL_09,Future Nostalgia,Dua Lipa,True,6zrJLhslleCHby0wbUnvVy,58,184881,False,2020-03-27,,,,,,,,,,,,
DL_10,Hotter than Hell,Dua Lipa,True,5eTNdkstwKaNahHf41fJ9u,65,187957,False,2017-06-02,,,,,,,,,,,,
DL_11,Be the One,Dua Lipa,True,7FCfMXYTIiQ9b4hDYs4Iol,75,202914,False,2017-06-02,,,,,,,,,,,,
DL_12,Electricity,Dua Lipa,True,5N4erncE7kuUccm7zEmwzk,69,238173,False,2018-09-06,,,,,,,,,,,,
DL_13,Cold Heart,Dua Lipa,True,6zSpb8dQRaw0M1dK8PBwQz,83,202735,False,2021-08-13,,,,,,,,,,,,
DL_14,Love Again,Dua Lipa,True,4rPkN1FMzQyFNP9cLUGIIB,79,258004,False,2020-03-27,,,,,,,,,,,,
DL_15,Prisoner,Dua Lipa,True,2Oycxb8QbPkpHTo8ZrmG0B,73,169338,False,2020-11-27,,,,,,,,,,,,
DP_01,Get Lucky,Daft Punk,True,69kOkLUCkxIZYexIgSG8rq,77,369626,False,2013-05-20,,,,,,,,,,,,
DP_02,"Harder, Better, Faster, Stronger",Daft Punk,True,5W3cjX2J3tjhG8zb6u0qHn,77,226413,False,2001-03-12,,,,,,,,,,,,
DP_03,Around the World,Daft Punk,True,1pKYYY0dkg23sQQXi0Q5zN,77,429533,False,1997-01-17,,,,,,,,,,,,
DP_04,One More Time,Daft Punk,True,0DiWol3AO6WpXZgp0goxAV,84,320357,False,2001-03-12,,,,,,,,,,,,
DP_05,Instant Crush,Daft Punk,True,2cGxRwrMyEAp8dEbuZaVv6,79,337560,False,2013-05-20,,,,,,,,,,,,
DP_06,Lose Yourself to Dance,Daft Punk,True,5CMjjywI0eZMixPeqNd75R,71,353893,False,2013-05-20,,,,,,,,,,,,
DP_07,Something About Us,Daft Punk,True,1NeLwFETswx8Fzxl2AFl91,77,232666,False,2001-03-12,,,,,,,,,,,,
DP_08,Digital Love,Daft Punk,True,2VEZx7NWsZ1D0eJ4uv5Fym,73,301373,False,2001-03-12,,,,,,,,,,,,
DP_09,Within,Daft Punk,True,7Bxv0WL7UC6WwQpk9TzdMJ,59,228506,False,2013-05-20,,,,,,,,,,,,
DP_10,Give Life Back to Music,Daft Punk,True,0dEIca2nhcxDUV8C5QkPYb,64,275386,False,2013-05-20,,,,,,,,,,,,
DP_11,Fragments of Time,Daft Punk,True,0IedgQjjJ8Ad4B3UDQ5Lyn,62,279773,False,2013-05-20,,,,,,,,,,,,
DP_12,Human After All,Daft Punk,True,3aByRUC2BVL6Fs1zI723sd,53,319879,False,2005-03-14,,,,,,,,,,,,
DP_13,Technologic,Daft Punk,True,0LSLM0zuWRkEYemF7JcfEE,56,284280,False,2005-03-14,,,,,,,,,,,,
DP_14,Touch,Daft Punk,True,7oaEjLP2dTJLJsITbAxTOz,63,498960,False,2013-05-20,,,,,,,,,,,,
DP_15,Voyager,Daft Punk,True,7cMFjxhbXBpOlais7KMF3j,73,227866,False,2001-03-12,,,,,,,,,,,,
DR_01,God's Plan,Drake,True,6DCZcSspjsKoFjzjrWoCdn,86,198973,True,2018-06-29,,,,,,,,,,,,
DR_02,Hotline Bling,Drake,True,0wwPcA6wtMf6HUMpIRdeP7,85,267066,False,2016-05-06,,,,,,,,,,,,
DR_03,One Dance,Drake,True,1zi7xx7UVEFkmKfv06H8x0,92,173986,False,2016-05-06,,,,,,,,,,,,
DR_04,Passionfruit,Drake,True,5mCPDVBb16L4XQwDdbRUpz,89,298940,True,2017-03-18,,,,,,,,,,,,
DR_05,Started From the Bottom,Drake,True,3dgQqOiQ9fCKVhNOedd2lf,70,174120,True,2013-01-01,,,,,,,,,,,,
DR_06,Take Care,Drake,True,124NFj84ppZ5pAxTuVQYCQ,80,277386,True,2011-11-15,,,,,,,,,,,,
DR_07,Marvins Room,Drake,True,047fCsbO4NdmwCBn8pcUXl,80,347226,True,2011-11-15,,,,,,,,,,,,
DR_08,Hold On We're Going Home,Drake,True,6jdOi5U5LBzQrc4c1VT983,82,227880,False,2013-01-01,,,,,,,,,,,,
DR_09,Forever,Drake,True,5UsLjwBaTHBX4ektWIr4XX,72,357706,True,2009-05-15,,,,,,,,,,,,
DR_10,Best I Ever Had,Drake,True,3QLjDkgLh9AOEHlhQtDuhs,80,257690,True,2009,,,,,,,,,,,,
DR_11,Fancy,Drake,True,3fpTMuD1u3gJlVI4FadVHs,76,319386,True,2010-01-01,,,,,,,,,,,,
DR_12,From Time,Drake,True,2WC4sK0ryyysQhtDok9Ytr,73,322160,True,2013-01-01,,,,,,,,,,,,
DS_01,Latch,Disclosure,True,1DunhgeZSEgWiIYbHqXl0c,70,255866,False,2013-06-03,,,,,,,,,,,,
DS_02,F for You,Disclosure,True,2XnnUZJIWSvq5AsE2PpoSz,45,269946,False,2013-06-03,,,,,,,,,,,,
DS_03,You & Me,Disclosure,True,1snNAXmmPXCn0dkF9DaPWw,63,282812,False,2013-06-11,,,,,,,,,,,,
DS_04,White Noise,Disclosure,True,4PPiV0xlKze0D4G93UWLji,53,277520,False,2013-06-03,,,,,,,,,,,,
DS_05,Magnets,Disclosure,True,7nRmfGNhHKEEu5o8yFXLXt,66,199245,False,2015-09-25,,,,,,,,,,,,
DS_06,Holding On,Disclosure,True,19Az4r4Tb5VKSnajMPg8hb,52,315000,False,2015-09-25,,,,,,,,,,,,
DS_07,Voices,Disclosure,True,58mjNT0bwzOvqjt44PWOvJ,37,249026,False,2013-06-03,,,,,,,,,,,,
DS_08,Help Me Lose My Mind,Disclosure,True,4FjT3dqUW2Uq0R3pMz5V7C,66,244480,False,2013-06-03,,,,,,,,,,,,
DS_09,Omen,Disclosure,True,4kuPeLqTPXDkPB2injreCw,69,230250,False,2015-09-25,,,,,,,,,,,,
DS_10,Jaded,Disclosure,True,6c4T1Dz9hwK5xat7eh3g8o,47,274749,False,2015-09-25,,,,,,,,,,,,
DS_11,Good Intentions,Disclosure,True,1zdDIieTg3JyVPeHPO9227,52,282124,False,2015-09-25,,,,,,,,,,,,
DS_12,Ultimatum,Disclosure,True,0slkzFvyBWcwnjEEDtYE5E,47,213381,False,2018-05-17,,,,,,,,,,,,
DS_13,Watch Your Step,Disclosure,True,7G24eVWGQFcDP5DxXGgCSj,47,230932,False,2020-12-18,,,,,,,,,,,,
DS_14,Moving Mountains,Disclosure,True,2vMvitDH9MLigSsxpEVzIN,37,335965,False,2015-09-25,,,,,,,,,,,,
DS_15,Where Angels Fear to Tread,Disclosure,True,1ZqeykOaDmjkldzs7XGR4b,54,225906,False,2018-08-20,,,,,,,,,,,,
EM_01,Lose Yourself,Eminem,True,5Z01UMMf7V1o0MzF86s6WJ,81,326466,True,2005-12-06,,,,,,,,,,,,
EM_02,Stan,Eminem,True,3UmaczJpikHgJFyBTAJVoz,83,404106,True,2000-05-23,,,,,,,,,,,,
EM_03,The Real Slim Shady,Eminem,True,3yfqSUWxFvZELEM4PmlwIR,87,284200,True,2000-05-23,,,,,,,,,,,,
EM_04,Without Me,Eminem,True,7lQ8MOhq6IN2w8EYcFNSUk,90,290320,True,2002-05-26,,,,,,,,,,,,
EM_05,Not Afraid,Eminem,True,7Ie9W94M7OjPoZVV216Xus,81,248133,True,2010-06-18,,,,,,,,,,,,
EM_06,Love The Way You Lie,Eminem,True,15JINEqzVMv3SvJTAXAKED,89,263373,True,2010-06-18,,,,,,,,,,,,
EM_07,Rap God,Eminem,True,6or1bKJiZ06IlK0vFvY75k,76,363521,True,2013-11-05,,,,,,,,,,,,
EM_08,River,Eminem,True,1cS0TgbR263ey9jn0MwD2s,74,221013,True,2017-12-15,,,,,,,,,,,,
EM_09,Cleanin Out My Closet,Eminem,True,7BMO7O7ImjV8HNTH74Tshv,75,297840,True,2002-05-26,,,,,,,,,,,,
EM_10,When I'm Gone,Eminem,True,2lRI7n5b9jlPYsEpRuots6,65,281120,True,2005-12-06,,,,,,,,,,,,
EM_11,Mockingbird,Eminem,True,561jH07mF1jHuk7KlaeF0s,88,250760,True,2004-11-12,,,,,,,,,,,,
EM_12,Beautiful,Eminem,True,1HR2CTi0ytRJIcik1QKdOa,72,392826,True,2009-05-15,,,,,,,,,,,,
ES_01,Shape of You,Ed Sheeran,True,7qiZfU4dY1lWllzX7mPBI3,91,233712,False,2017-03-03,,,,,,,,,,,,
ES_02,Perfect,Ed Sheeran,True,0tgVpDi06FyKpA1z0VMD4v,90,263400,False,2017-03-03,,,,,,,,,,,,
ES_03,Thinking Out Loud,Ed Sheeran,True,34gCuhDGsG4bRPIf9bb02f,86,281560,False,2014-06-21,,,,,,,,,,,,
ES_04,Photograph,Ed Sheeran,True,1HNkqx9Ahdgi1Ixy2xkKkL,88,258986,False,2014-06-21,,,,,,,,,,,,
ES_05,Castle on the Hill,Ed Sheeran,True,6PCUP3dWmTjcTtXY02oFdT,81,261153,False,2017-03-03,,,,,,,,,,,,
ES_06,Galway Girl,Ed Sheeran,False,,,,,,,,,,,,,,,,,
ES_07,Bad Habits,Ed Sheeran,False,,,,,,,,,,,,,,,,,
ES_08,Shivers,Ed Sheeran,False,,,,,,,,,,,,,,,,,
ES_09,Overpass Graffiti,Ed Sheeran,False,,,,,,,,,,,,,,,,,
ES_10,The A Team,Ed Sheeran,False,,,,,,,,,,,,,,,,,
ES_11,Lego House,Ed Sheeran,False,,,,,,,,,,,,,,,,,
ES_12,Happier,Ed Sheeran,False,,,,,,,,,,,,,,,,,
GD_01,Minglewood Blues,Grateful Dead,True,1J0pvpGzQtGb0pMGo9vbJl,27,157729,False,1967,,,,,,,,,,,,
GD_02,They Love Each Other,Grateful Dead,True,4K5etmmA4jQApw5VBznEWK,46,449453,False,2017-05-05,,,,,,,,,,,,
GD_03,Cassidy,Grateful Dead,True,3Ytea3b7VXXkVTN2mRpjvB,50,274226,False,1981-04-01,,,,,,,,,,,,
GD_04,Loser,Grateful Dead,True,5jpq0glczrmrPuTdTkNFDG,43,478066,False,2017-05-05,,,,,,,,,,,,
GD_05,Jack Straw,Grateful Dead,True,0TtuYAtUBFlF3ylF57Qwyg,50,389373,False,2017-05-05,,,,,,,,,,,,
GD_06,Tennessee Jed,Grateful Dead,True,1ae0SQx8MpBXo6QsmrpsEj,50,430626,False,2001,,,,,,,,,,,,
GD_07,Passenger,Grateful Dead,True,2cTgvRjVU6xnyhTWxXgMjP,23,168040,False,1977-07-27,,,,,,,,,,,,
GD_08,Peggy-O,Grateful Dead,True,7GvnEVPbpyxFJEyYrvdBAt,21,358986,False,2013-07-26,,,,,,,,,,,,
GD_09,Me & My Uncle,Grateful Dead,True,5PVOldMP41Vcex0WwO3GTc,35,182973,False,1971-10-31,,,,,,,,,,,,
GD_10,Friend of the Devil,Grateful Dead,True,5ZLzl6T8JwqMTMdoE0nCbU,64,201866,False,1970-06-01,,,,,,,,,,,,
GD_11,Truckin',Grateful Dead,True,1I6l01BaBgBCVkfQCpIlR6,59,306973,False,1970-06-01,,,,,,,,,,,,
GD_12,Casey Jones,Grateful Dead,True,7LbfuQVct78YoghmoPtsQ8,60,265067,False,1970,,,,,,,,,,,,
GD_13,Touch of Grey,Grateful Dead,True,5YzzWlWfAVNvtduNDHKhHc,51,347826,False,2003-09-16,,,,,,,,,,,,
GD_14,Ripple,Grateful Dead,True,1OE5l6sedVcIFELMuxQOPI,65,249733,False,1970-06-01,,,,,,,,,,,,
GD_15,Scarlet Begonias,Grateful Dead,True,3euDGpS2R0NC2Xssqxohva,59,259702,False,1974,,,,,,,,,,,,
GW_01,Everything Is Free,Gillian Welch,True,3KLtHfl1z17beGV5el2yeU,47,288000,False,2001-07-31,,,,,,,,,,,,
GW_02,Time (The Revelator),Gillian Welch,True,3d3uCbMDDCzIJlbVNd18C3,39,382560,False,2001-07-31,,,,,,,,,,,,
GW_03,Elvis Presley Blues,Gillian Welch,True,7kugdzJaspAoBNOEdp1qwE,35,293693,False,2001-07-31,,,,,,,,,,,,
GW_04,Orphan Girl,Gillian Welch,True,28RSIjTle8Rru7vnZxTPQr,38,237293,False,1996-04-09,,,,,,,,,,,,
GW_05,Acony Bell,Gillian Welch,True,0mIRQtmP2BDHI1vmwZGIli,30,186160,False,1996-04-09,,,,,,,,,,,,
GW_06,Look at Miss Ohio,Gillian Welch,True,51i1VCb9udXdzqrmJCP4Pb,50,256026,False,2003-06-03,,,,,,,,,,,,
GW_07,One More Dollar,Gillian Welch,True,3LMFLAsl383pffsT1Z3e32,34,274866,False,1996-04-09,,,,,,,,,,,,
GW_08,By the Mark,Gillian Welch,True,6IcMRgfMKohbduQ7kMWaaw,30,220200,False,1996-04-09,,,,,,,,,,,,
GW_09,Revelator,Gillian Welch,True,3d3uCbMDDCzIJlbVNd18C3,39,382560,False,2001-07-31,,,,,,,,,,,,
GW_10,I Dream a Highway,Gillian Welch,True,0kGN0PYexsQZfjrII4fyVU,33,879800,False,2001-07-31,,,,,,,,,,,,
GW_11,Dear Someone,Gillian Welch,True,107fix33Tu8wlALHWTPDgp,34,194466,False,2001-07-31,,,,,,,,,,,,
GW_12,Rock of Ages,Gillian Welch,True,1q1n8AJo9LVdAirc6waxuc,25,188266,False,1998-07-28,,,,,,,,,,,,
GZ_01,Feel Good Inc.,Gorillaz,True,0d28khcov6AiegSCpG5TuT,91,222640,False,2005-05-23,,,,,,,,,,,,
GZ_02,DARE,Gorillaz,True,5KITn310R8bC3aZeErFo6S,65,213600,False,2011-11-28,,,,,,,,,,,,
GZ_03,Clint Eastwood,Gorillaz,True,7yMiX7n9SBvadzox8T5jzT,76,340920,True,2001,,,,,,,,,,,,
GZ_04,On Melancholy Hill,Gorillaz,True,0q6LuUqGLUiCPP1cbdwFs3,84,233866,False,2010-03-05,,,,,,,,,,,,
GZ_05,Rhinestone Eyes,Gorillaz,True,1foMv2HQwfQ2vntFf9HFeG,79,200173,False,2010-03-05,,,,,,,,,,,,
GZ_06,Stylo,Gorillaz,True,6LUfuyLgvgqrykiTE6sJHY,67,270520,False,2010-03-05,,,,,,,,,,,,
GZ_07,Empire Ants,Gorillaz,True,3a6PN6BRB8PP3ms48s7kU1,72,283573,False,2010-03-05,,,,,,,,,,,,
GZ_08,Momentz,Gorillaz,True,2RCp9QBnFSxdKe8RD4xF8s,54,196906,True,2017-04-28,,,,,,,,,,,,
GZ_09,Andromeda,Gorillaz,True,2C0KFbb4v9CNWR5c9jWcKC,66,197546,False,2017-04-28,,,,,,,,,,,,
GZ_10,Tranz,Gorillaz,True,7jYUaoOfdcYgUvkK8NnFfx,68,162626,False,2018-06-29,,,,,,,,,,,,
GZ_11,Hollywood,Gorillaz,True,0P2Dxoy0mdzM9NlFQoLZbc,53,293493,True,2018-06-29,,,,,,,,,,,,
GZ_12,New Gold,Gorillaz,True,60SvhHtwefT0e2G7i7kOH3,79,215149,True,2023-02-24,,,,,,,,,,,,
HS_01,As It Was,Harry Styles,True,4Dvkj6JhhA12EX05fT7y2e,92,167303,False,2022-05-20,,,,,,,,,,,,
HS_02,Watermelon Sugar,Harry Styles,True,6UelLqGlWMcVH1E5c4H7lY,87,173991,False,2019-12-13,,,,,,,,,,,,
HS_03,Adore You,Harry Styles,True,3jjujdWJ72nww5eGnfs2E7,87,207139,False,2019-12-13,,,,,,,,,,,,
HS_04,Golden,Harry Styles,True,45S5WTQEGOB1VHr1Q4FuPl,79,208917,False,2019-12-13,,,,,,,,,,,,
HS_05,Lights Up,Harry Styles,True,4jAIqgrPjKLTY9Gbez25Qb,72,172215,False,2019-12-13,,,,,,,,,,,,
HS_06,Sign of the Times,Harry Styles,True,5Ohxk2dO5COHF1krpoPigN,92,340706,False,2017-05-12,,,,,,,,,,,,
HS_07,Falling,Harry Styles,True,1ZMiCix7XSAbfAJlEZWMCp,83,240139,False,2019-12-13,,,,,,,,,,,,
HS_08,Treat People With Kindness,Harry Styles,True,03mMSLEJCPoGJwQhHpN5y0,66,197340,False,2019-12-13,,,,,,,,,,,,
HS_09,Late Night Talking,Harry Styles,True,1qEmFfgcLObUfQm0j1W2CK,80,177954,False,2022-05-20,,,,,,,,,,,,
HS_10,Music for a Sushi Restaurant,Harry Styles,True,5LYMamLv12UPbemOaTPyeV,74,193813,False,2022-05-20,,,,,,,,,,,,
HS_11,Matilda,Harry Styles,False,,,,,,,,,,,,,,,,,
HS_12,Cinema,Harry Styles,False,,,,,,,,,,,,,,,,,
JB_01,Limit to Your Love,James Blake,True,33BnSMHgX0AsbKSIbkuMwh,54,276720,False,2011-01-01,,,,,,,,,,,,
JB_02,Retrograde,James Blake,True,2IqjKEBiz0CdLKdkXhxw84,64,223600,False,2013-04-08,,,,,,,,,,,,
JB_03,The Wilhelm Scream,James Blake,True,688DZF6e1MH5Uf409dwaHm,48,273840,False,2011-01-01,,,,,,,,,,,,
JB_04,Overgrown,James Blake,True,7rHIRFNCDu6o9LWtGMevK1,44,300506,False,2013-04-08,,,,,,,,,,,,
JB_05,Life Round Here,James Blake,True,2746pcTPaE9FBHkvUivCsg,51,217120,False,2013-04-08,,,,,,,,,,,,
JB_06,I Need a Forest Fire,James Blake,True,0TLAptKgYxe7F0KewWH6X6,57,257219,False,2016-05-05,,,,,,,,,,,,
JB_07,Timeless,James Blake,True,49jxn2Mdde8QZUx0AlbD0l,38,262000,False,2016-05-05,,,,,,,,,,,,
JB_08,Are You Even Real?,James Blake,True,2k0HXdTDW28JFAaS8TaHeA,47,231807,False,2020-07-08,,,,,,,,,,,,
JB_09,Famous Last Words,James Blake,True,1axXy2bgUSeEN7h6Ob9Qbo,44,256155,False,2021-10-08,,,,,,,,,,,,
JB_10,Assume Form,James Blake,True,6cJrQc34txUzXd90xWEAOh,41,289600,False,2019-01-18,,,,,,,,,,,,
JB_11,Can't Believe the Way We Flow,James Blake,True,6voR6zsWIn7vgZYGOFKYSZ,42,267200,False,2019-01-18,,,,,,,,,,,,
JB_12,Mile High,James Blake,True,4cQrSREMqBSvJ8ZzBZjVb8,64,193600,False,2019-01-18,,,,,,,,,,,,
JC_01,No Role Modelz,J. Cole,True,68Dni7IE4VyPkTOH9mRWHr,88,292799,True,2014-12-09,,,,,,,,,,,,
JC_02,Love Yourz,J. Cole,True,2e3Ea0o24lReQFR4FA7yXH,78,211496,True,2014-12-09,,,,,,,,,,,,
JC_03,Power Trip,J. Cole,True,2uwnP6tZVVmTovzX5ELooy,83,241160,True,2013-06-18,,,,,,,,,,,,
JC_04,Middle Child,J. Cole,True,2JvzF1RMd7lE3KmFlsyZD8,80,213593,True,2019-01-23,,,,,,,,,,,,
JC_05,ATM,J. Cole,True,2UciqgwVDwro0fev3MFbxJ,60,216726,True,2018-04-20,,,,,,,,,,,,
JC_06,Apparently,J. Cole,True,5O59s7bCgTFsXDXlWecyQ1,71,292865,True,2014-12-09,,,,,,,,,,,,
JC_07,Kevin's Heart,J. Cole,True,6tZ3b7ik1QDXFAZlXib0YZ,70,200309,True,2018-04-20,,,,,,,,,,,,
JC_08,Wet Dreamz,J. Cole,True,4tqcoej1zPvwePZCzuAjJd,83,239266,True,2014-12-09,,,,,,,,,,,,
JC_09,January 28th,J. Cole,True,6LBpGdlukUARutol7VgWIS,70,242697,True,2014-12-09,,,,,,,,,,,,
JC_10,HiiiPoWeR,J. Cole,True,2uwnP6tZVVmTovzX5ELooy,83,241160,True,2013-06-18,,,,,,,,,,,,
JC_11,Work Out,J. Cole,True,2wAJTrFhCnQyNSD3oUgTZO,85,235320,True,2011-09-27,,,,,,,,,,,,
JC_12,For Whom the Bell Tolls,J. Cole,True,3MWlVSkoLS1e66nlZ2tuWJ,60,127880,True,2016-12-09,,,,,,,,,,,,
JC_13,G.O.M.D.,J. Cole,True,0Thqjtu54vKMP06pwZkAWp,73,301064,True,2014-12-09,,,,,,,,,,,,
JC_14,She Knows,J. Cole,True,0Fs9cdPDhptWEDJmiCbkEW,75,296520,True,2013-06-18,,,,,,,,,,,,
JC_15,Forbidden Fruit,J. Cole,True,1mvDFqbbmgmMmU6U4dIq5m,63,268666,True,2013-06-18,,,,,,,,,,,,
JI_01,Cover Me Up,Jason Isbell,False,,,,,,,,,,,,,,,,,
JI_02,If We Were Vampires,Jason Isbell,False,,,,,,,,,,,,,,,,,
JI_03,Death Wish,Jason Isbell,False,,,,,,,,,,,,,,,,,
JI_04,White Man's World,Jason Isbell,False,,,,,,,,,,,,,,,,,
JI_05,Last of My Kind,Jason Isbell,False,,,,,,,,,,,,,,,,,
JI_06,Something More Than Free,Jason Isbell,False,,,,,,,,,,,,,,,,,
JI_07,Outfit,Jason Isbell,False,,,,,,,,,,,,,,,,,
JI_08,Elephant,Jason Isbell,False,,,,,,,,,,,,,,,,,
JI_09,Speed Trap Town,Jason Isbell,False,,,,,,,,,,,,,,,,,
JI_10,Relatively Easy,Jason Isbell,False,,,,,,,,,,,,,,,,,
JI_11,Flying Over Water,Jason Isbell,False,,,,,,,,,,,,,,,,,
JI_12,Children of Children,Jason Isbell,False,,,,,,,,,,,,,,,,,
JP_01,Angel from Montgomery,John Prine,True,2qWKpYIleSvBT6aUMXoia5,59,224186,False,1971,,,,,,,,,,,,
JP_02,Sam Stone,John Prine,True,4BIej0swGWja46j5B7l4s1,49,256906,False,1971,,,,,,,,,,,,
JP_03,Hello in There,John Prine,True,7IijX5DkLaf3G4qF6xDLYa,54,272026,False,1971,,,,,,,,,,,,
JP_04,Paradise,John Prine,True,47QsP5uPZp3he5UrVsK8bs,54,195600,False,1971,,,,,,,,,,,,
JP_05,Spanish Pipedream,John Prine,True,7zrxGPR1UVK2iSK793vLPl,54,161173,False,1971,,,,,,,,,,,,
JP_06,Donald and Lydia,John Prine,True,3Y5s93gngKBog4qJBMbIoq,39,270733,False,1971,,,,,,,,,,,,
JP_07,Souvenirs,John Prine,True,6QaEn4vDdE9hGjhrXlC6fK,45,222866,False,2000-10-31,,,,,,,,,,,,
JP_08,Lake Marie,John Prine,True,3ZP6IswZVOu72bq2LYNG1G,43,360440,False,1995-04-04,,,,,,,,,,,,
JP_09,In Spite of Ourselves,John Prine,True,2K2eLVi9HJ84T1dkifkQ9O,62,213600,False,1999-09-14,,,,,,,,,,,,
JP_10,Summer's End,John Prine,True,0l9usaQxyyTaDe5aFGRaIz,53,209047,False,2018-04-12,,,,,,,,,,,,
JP_11,When I Get to Heaven,John Prine,True,2FZaryIRIjIq6HloMNWdHS,46,222573,False,2018-04-12,,,,,,,,,,,,
JP_12,Far From Me,John Prine,True,7nzQdJorKDWFsmvIN28mMM,40,221333,False,1971,,,,,,,,,,,,
KL_01,HUMBLE.,Kendrick Lamar,True,7KXjTSCq5nL1LoYtL7XAwS,85,177000,True,2017-04-14,,,,,,,,,,,,
KL_02,DNA.,Kendrick Lamar,True,6HZILIRieu8S0iqY8kIKhj,81,185946,True,2017-04-14,,,,,,,,,,,,
KL_03,Alright,Kendrick Lamar,True,3iVcZ5G6tvkXZkZKlMpIUs,81,219333,True,2015-03-16,,,,,,,,,,,,
KL_04,Swimming Pools (Drank),Kendrick Lamar,True,6REbwUNlppTfcnV4d4ZoZi,84,247800,True,2012-01-01,,,,,,,,,,,,
KL_05,Money Trees,Kendrick Lamar,True,2HbKqm4o0w5wEeEFXm2sD4,81,386906,True,2012,,,,,,,,,,,,
KL_06,m.A.A.d city,Kendrick Lamar,True,2cDCojn6uIBM6A5xTAbl3H,65,350120,True,2012,,,,,,,,,,,,
KL_07,Backseat Freestyle,Kendrick Lamar,True,3aGibUHhQyBsyumYHylw0K,68,212653,True,2012,,,,,,,,,,,,
KL_08,King Kunta,Kendrick Lamar,True,0N3W5peJUQtI4eyR6GJT5O,74,234693,True,2015-03-16,,,,,,,,,,,,
KL_09,"Bitch, Don't Kill My Vibe",Kendrick Lamar,True,712uvW1Vezq8WpQi38v2L9,66,310720,True,2012,,,,,,,,,,,,
KL_10,Poetic Justice,Kendrick Lamar,True,2P3SLxeQHPqh8qKB6gtJY2,75,300160,True,2012,,,,,,,,,,,,
KL_11,These Walls,Kendrick Lamar,True,7uWVT3UkCAZyANvv0bdyQn,66,300973,True,2015-03-16,,,,,,,,,,,,
KL_12,i,Kendrick Lamar,True,7wdzLe2Gsx1RGqbvYZHASz,70,231933,True,2014-09-23,,,,,,,,,,,,
KL_13,Die Hard,Kendrick Lamar,True,2g6tReTlM2Akp41g0HaeXN,75,239026,True,2022-05-13,,,,,,,,,,,,
KL_14,Rich Spirit,Kendrick Lamar,True,1QPreu0BNOrUfEb8HTd2qG,71,202285,True,2022-05-13,,,,,,,,,,,,
KL_15,N95,Kendrick Lamar,True,0fX4oNGBWO3dSGUZcVdVV2,73,195950,True,2022-05-13,,,,,,,,,,,,
KM_01,Golden Hour,Kacey Musgraves,True,0pMfPzdRiPAoSM9yWF4OcT,66,198453,False,2018-03-30,,,,,,,,,,,,
KM_02,Butterflies,Kacey Musgraves,True,30VHURM5NOfoZmqp2iKawS,70,219053,False,2018-03-30,,,,,,,,,,,,
KM_03,Happy & Sad,Kacey Musgraves,True,04MoJkJzCoU9ukeewv5Vzu,59,243186,False,2018-03-30,,,,,,,,,,,,
KM_04,Space Cowboy,Kacey Musgraves,True,5bum4HbCDFoB9wpsc0sQky,59,216280,False,2018-03-30,,,,,,,,,,,,
KM_05,Rainbow,Kacey Musgraves,True,79qxwHypONUt3AFq0WPpT9,66,214293,False,2018-03-30,,,,,,,,,,,,
KM_06,Slow Burn,Kacey Musgraves,True,6ET9kf9riLETWs9lePUEAI,71,246133,False,2018-03-30,,,,,,,,,,,,
KM_07,Lonely Weekend,Kacey Musgraves,True,3420nZEhm99I1bLc6Yx4XH,57,226666,False,2018-03-30,,,,,,,,,,,,
KM_08,Follow Your Arrow,Kacey Musgraves,False,,,,,,,,,,,,,,,,,
KM_09,Merry Go Round,Kacey Musgraves,False,,,,,,,,,,,,,,,,,
KM_10,Velvet Elvis,Kacey Musgraves,False,,,,,,,,,,,,,,,,,
KM_11,Justified,Kacey Musgraves,False,,,,,,,,,,,,,,,,,
KM_12,Keep Lookin Up,Kacey Musgraves,False,,,,,,,,,,,,,,,,,
LCD_01,All My Friends,LCD Soundsystem,True,2Ud3deeqLAG988pfW0Kwcl,67,462266,False,2007-03-12,,,,,,,,,,,,
LCD_02,Daft Punk Is Playing at My House,LCD Soundsystem,False,,,,,,,,,,,,,,,,,
LCD_03,I Can Change,LCD Soundsystem,False,,,,,,,,,,,,,,,,,
LCD_04,Drunk Girls,LCD Soundsystem,False,,,,,,,,,,,,,,,,,
LCD_05,Someone Great,LCD Soundsystem,False,,,,,,,,,,,,,,,,,
LCD_06,North American Scum,LCD Soundsystem,False,,,,,,,,,,,,,,,,,
LCD_07,Call the Police,LCD Soundsystem,False,,,,,,,,,,,,,,,,,
LCD_08,American Dream,LCD Soundsystem,False,,,,,,,,,,,,,,,,,
LCD_09,Oh Baby,LCD Soundsystem,False,,,,,,,,,,,,,,,,,
LCD_10,Tonite,LCD Soundsystem,False,,,,,,,,,,,,,,,,,
LCD_11,Change Yr Mind,LCD Soundsystem,False,,,,,,,,,,,,,,,,,
LCD_12,How Do You Sleep?,LCD Soundsystem,False,,,,,,,,,,,,,,,,,
MM_01,Self Care,Mac Miller,False,,,,,,,,,,,,,,,,,
MM_02,Small Worlds,Mac Miller,False,,,,,,,,,,,,,,,,,
MM_03,Circles,Mac Miller,False,,,,,,,,,,,,,,,,,
MM_04,2009,Mac Miller,False,,,,,,,,,,,,,,,,,
MM_05,Objects in the Mirror,Mac Miller,False,,,,,,,,,,,,,,,,,
MM_06,Diablo,Mac Miller,True,3BDpkLMkgrtrM3HckrVIXr,65,198107,True,2021-10-15,,,,,,,,,,,,
MM_07,Programs,Mac Miller,True,1883mCuSqnfnrWoq8i3myH,66,190186,True,2018-05-28,,,,,,,,,,,,
MM_08,Dunno,Mac Miller,True,3YnwIp2b99p3e5dsFTXIIx,68,237093,True,2018-08-03,,,,,,,,,,,,
MM_09,Come Back to Earth,Mac Miller,True,01z2fBGB8Hl3Jd3zXe4IXR,81,161840,False,2018-08-03,,,,,,,,,,,,
MM_10,Good News,Mac Miller,True,1DWZUa5Mzf2BwzpHtgbHPY,71,342040,False,2020-01-17,,,,,,,,,,,,
MM_11,What's the Use?,Mac Miller,True,2dgrYdgguVZKeCsrVb9XEs,72,288640,True,2018-08-03,,,,,,,,,,,,
MM_12,Grand Finale,Mac Miller,True,1dhb0Dus4aB9jkGgBQE1ol,53,211341,True,2021-10-15,,,,,,,,,,,,
NS_01,N.Y. State of Mind,Nas,True,0trHOzAhNpGCsGBEu7dOJo,73,294081,True,1994-04-19,,,,,,,,,,,,
NS_02,The World Is Yours,Nas,True,7G3lxTsMfSx4yarMkfgnTC,70,290578,True,1994-04-19,,,,,,,,,,,,
NS_03,One Love,Nas,True,27u3Rh4IWYPdwVST20ALrt,57,325656,True,1994-04-19,,,,,,,,,,,,
NS_04,If I Ruled the World,Nas,True,5PQmSHzWnlgG4EBuIqjac2,71,282373,True,1996-07-02,,,,,,,,,,,,
NS_05,Hate Me Now,Nas,True,158DIbrVt4YbqNnWyRCS3P,58,284000,True,1999-04-06,,,,,,,,,,,,
NS_06,One Mic,Nas,True,6MMuI4k4Vs5ghtDH5i2hBg,51,268666,True,2001-12-18,,,,,,,,,,,,
NS_07,Made You Look,Nas,True,3qRPc4QpHGNwKFAzCdqwxA,58,203000,True,2002-12-13,,,,,,,,,,,,
NS_08,Daughters,Nas,True,2cOfceFeMN2YgYaOf3KYJ6,31,200213,True,2012-01-01,,,,,,,,,,,,
NS_09,Illmatic,Nas,True,0trHOzAhNpGCsGBEu7dOJo,73,294081,True,1994-04-19,,,,,,,,,,,,
NS_10,Represent,Nas,True,6DPrhGVJ1WTZvM9fKptnGe,65,252596,True,1994-04-19,,,,,,,,,,,,
NS_11,Life's a Bitch,Nas,True,2LhhnqrHPWvXYveZVHLKrd,64,210737,True,1994-04-19,,,,,,,,,,,,
NS_12,Cherry Wine,Nas,True,4csyu5nwd3JPbQdrrubiNn,49,356466,True,2012-01-01,,,,,,,,,,,,
OR_01,drivers license,Olivia Rodrigo,False,,,,,,,,,,,,,,,,,
OR_02,good 4 u,Olivia Rodrigo,False,,,,,,,,,,,,,,,,,
OR_03,deja vu,Olivia Rodrigo,True,6HU7h9RYOaPRFeh0R3UeAr,88,215506,True,2021-05-21,,,,,,,,,,,,
OR_04,brutal,Olivia Rodrigo,True,6SRsiMl7w1USE4mFqrOhHC,79,143746,True,2021-05-21,,,,,,,,,,,,
OR_05,traitor,Olivia Rodrigo,True,5CZ40GBx1sQ9agT82CLQCT,88,229226,False,2021-05-21,,,,,,,,,,,,
OR_06,happier,Olivia Rodrigo,True,2tGvwE8GcFKwNdAXMnlbfl,85,175933,True,2021-05-21,,,,,,,,,,,,
OR_07,vampire,Olivia Rodrigo,True,1kuGVB7EU95pJObxwvfwKS,86,219724,True,2023-09-08,,,,,,,,,,,,
OR_08,bad idea right?,Olivia Rodrigo,True,3IX0yuEVvDbnqUwMBB3ouC,80,184783,True,2023-09-08,,,,,,,,,,,,
OR_09,get him back!,Olivia Rodrigo,True,2gyxAWHebV7xPYVxqoi86f,78,211141,True,2023-09-08,,,,,,,,,,,,
OR_10,lacy,Olivia Rodrigo,True,6QT6j7rKt7Vk3IuV2AUO9W,82,177212,False,2023-09-08,,,,,,,,,,,,
OR_11,enough for you,Olivia Rodrigo,True,2TOzTqQXNmR2zDJXihjZ2e,79,202826,False,2021-05-21,,,,,,,,,,,,
OR_12,1 step forward 3 steps back,Olivia Rodrigo,True,4wcBRRpIfesgcyUtis7PEg,79,163586,True,2021-05-21,,,,,,,,,,,,
RTJ_01,Run the Jewels,Run the Jewels,True,2IX1xr68TvJIZLjJZErtIy,52,210626,True,2013-06-26,,,,,,,,,,,,
RTJ_02,Banana Clipper,Run the Jewels,True,0toD7nCrqghxCcoX0m99N2,42,171493,True,2013-06-26,,,,,,,,,,,,
RTJ_03,36 Inch Chain,Run the Jewels,True,3XZHGPlJDgNhhzDnO2SPfz,10,187722,True,2016-05-26,,,,,,,,,,,,
RTJ_04,DDHF,Run the Jewels,True,4frxEYGzx5hmyy7sr1xjHf,38,185079,True,2013-06-26,,,,,,,,,,,,
RTJ_05,Sea Legs,Run the Jewels,True,4iqcD4agH2UppSg2vH6Vfc,38,220040,True,2013-06-26,,,,,,,,,,,,
RTJ_06,Job Well Done,Run the Jewels,True,1521QPAuVosTFwLITZGTLg,32,179746,True,2013-06-26,,,,,,,,,,,,
RTJ_07,No Come Down,Run the Jewels,True,2VnuBoLcVfdFmmd1BptUmZ,32,208333,True,2013-06-26,,,,,,,,,,,,
RTJ_08,Get It,Run the Jewels,True,2rOHWE77alc9Txyn4i0QY3,40,179999,True,2013-06-26,,,,,,,,,,,,
RTJ_09,Twin Hype Back,Run the Jewels,True,0Aaj225jZ6DDnU9t2Rfa9w,29,192413,True,2013-06-26,,,,,,,,,,,,
RTJ_10,A Christmas Fucking Miracle,Run the Jewels,True,52WIFjN9LrpybBEFKPgb1V,36,261440,True,2013-06-26,,,,,,,,,,,,
RTJ_11,Blockbuster Night Part 1,Run the Jewels,True,261C19Sr3o8oQfPjIbUoBm,14,210294,True,2016-05-26,,,,,,,,,,,,
RTJ_12,Close Your Eyes (And Count to Fuck),Run the Jewels,True,7D460Ka7PHJV8YDZiZxghM,55,234160,True,2014-10-27,,,,,,,,,,,,
RTJ_13,Legend Has It,Run the Jewels,True,0b7MT4fpCPP2luL199lUeG,58,205866,True,2016-12-25,,,,,,,,,,,,
RTJ_14,Talk to Me,Run the Jewels,True,2myH9cSudoDB7cqBvt6vi8,46,151226,True,2016-12-25,,,,,,,,,,,,
RTJ_15,JU$T,Run the Jewels,True,1c2XhkS6hX6cGPcxfFHK35,39,205160,False,2020-06-03,,,,,,,,,,,,
SS_01,Turtles All the Way Down,Sturgill Simpson,False,,,,,,,,,,,,,,,,,
SS_02,Life of Sin,Sturgill Simpson,False,,,,,,,,,,,,,,,,,
SS_03,Long White Line,Sturgill Simpson,False,,,,,,,,,,,,,,,,,
SS_04,Brace for Impact,Sturgill Simpson,False,,,,,,,,,,,,,,,,,
SS_05,In Bloom,Sturgill Simpson,False,,,,,,,,,,,,,,,,,
SS_06,Welcome to Earth,Sturgill Simpson,True,09uV1Sli9wapcKQmmyaG4E,51,293400,False,2016-04-15,,,,,,,,,,,,
SS_07,Keep It Between the Lines,Sturgill Simpson,True,3JWJiLDqawZtilIo7p0rJ9,56,241146,False,2016-04-15,,,,,,,,,,,,
SS_08,Water in a Well,Sturgill Simpson,True,6ZPZwdZpxdoOJo4vUjK3yt,38,198973,False,2013-06-11,,,,,,,,,,,,
SS_09,Call to Arms,Sturgill Simpson,True,4m1opmaYT9zk5OP7IHUb9R,48,329640,True,2016-04-15,,,,,,,,,,,,
SS_10,Oh Sarah,Sturgill Simpson,True,2NriQ41JHZxm0oQHHI4XJM,48,255053,False,2016-04-15,,,,,,,,,,,,
SS_11,You Can Have the Crown,Sturgill Simpson,True,5jxZDmR9VipDaXwzebMJON,55,170240,False,2013-06-11,,,,,,,,,,,,
SS_12,All Around You,Sturgill Simpson,True,6Kt4ZcgT2vCUq7QezTTcES,60,215693,False,2016-04-15,,,,,,,,,,,,
TC2_01,See You Again,"Tyler, the Creator",True,7KA4W4McWYRpgf0fWsJZWB,91,180386,True,2017-07-21,,,,,,,,,,,,
TC2_02,EARFQUAKE,"Tyler, the Creator",True,5hVghJ4KaYES3BFUATCYn0,80,190072,True,2019-05-17,,,,,,,,,,,,
TC2_03,Enjoy Right Now Today,"Tyler, the Creator",True,3R1Vu4Ws7UitwDxDHTol0P,56,235400,False,2017-07-21,,,,,,,,,,,,
TC2_04,I THINK,"Tyler, the Creator",True,4f8Mh5wuWHOsfXtzjrJB3t,73,212016,True,2019-05-17,,,,,,,,,,,,
TC2_05,NEW MAGIC WAND,"Tyler, the Creator",True,0fv2KH6hac06J86hBUTcSf,79,195327,True,2019-05-17,,,,,,,,,,,,
TC2_06,WUSYANAME,"Tyler, the Creator",True,5B0kgjHULYJhAQkK5XsMoC,71,121572,True,2021-06-25,,,,,,,,,,,,
TC2_07,Lumberjack,"Tyler, the Creator",True,0BiK5BbYNFLb88CCOxBFJe,59,138312,True,2021-06-25,,,,,,,,,,,,
TC2_08,911 / Mr. Lonely,"Tyler, the Creator",False,,,,,,,,,,,,,,,,,
TC2_09,Who Dat Boy,"Tyler, the Creator",False,,,,,,,,,,,,,,,,,
TC2_10,Gone Gone / Thank You,"Tyler, the Creator",False,,,,,,,,,,,,,,,,,
TC2_11,Foreword,"Tyler, the Creator",False,,,,,,,,,,,,,,,,,
TC2_12,MASSA,"Tyler, the Creator",False,,,,,,,,,,,,,,,,,
TC_01,Whitehouse Road,Tyler Childers,True,0fbR95FEaJUxiQYaqZZukv,72,280786,False,2017-08-04,,,,,,,,,,,,
TC_02,Lady May,Tyler Childers,True,3t5OV1asJHmOlf23T08CLv,76,183533,False,2017-08-04,,,,,,,,,,,,
TC_03,Feathered Indians,Tyler Childers,True,2tgQaL85WoRfgEa4hFQgrE,82,224946,True,2017-08-04,,,,,,,,,,,,
TC_04,All Your'n,Tyler Childers,True,0fCwTrRNfoNk962ati8n2K,80,218290,False,2019-08-02,,,,,,,,,,,,
TC_05,Hard Way,Tyler Childers,True,4a2uqVlpRChHj32EjJLu7G,75,204000,True,2017-05-30,,,,,,,,,,,,
TC_06,Universal Sound,Tyler Childers,True,48nZLOpJOINkICPWpUuhaN,68,221600,False,2017-08-04,,,,,,,,,,,,
TC_07,House Fire,Tyler Childers,True,1RJyToUKkGSEfJjavJHSsF,66,232977,False,2019-08-02,,,,,,,,,,,,
TC_08,Creeker,Tyler Childers,True,0113kB5PUEGvDHVBopCuTo,55,301746,False,2019-08-02,,,,,,,,,,,,
TC_09,Shake the Frost,Tyler Childers,True,19MkwMrRjO7773zpuGss1o,77,175120,False,2018-06-29,,,,,,,,,,,,
TC_10,Follow You to Virgie,Tyler Childers,True,4Oz6xl8qhJTdjYZeT98V4m,72,202000,False,2017-05-30,,,,,,,,,,,,
TC_11,Banded Clovis,Tyler Childers,True,0o6hh58uipkorQvA8u1KTI,54,259066,False,2017-08-04,,,,,,,,,,,,
TC_12,Nose on the Grindstone,Tyler Childers,True,41qeQaiSa09dPsGzgechek,49,175973,False,2025-06-12,,,,,,,,,,,,
TC_13,Country Squire,Tyler Childers,True,1bp2PcwZgR9LwBdoERsOuJ,60,201425,False,2019-08-02,,,,,,,,,,,,
TC_14,Ever Lovin' Hand,Tyler Childers,True,3R6c8mU0KUlUvEin4cJ2OJ,47,278576,False,2019-08-02,,,,,,,,,,,,
TC_15,Matthew,Tyler Childers,True,10W8eYYfSEgq6aTU3dkWkw,45,253440,False,2019-08-02,,,,,,,,,,,,
TS_01,Anti-Hero,Taylor Swift,True,0V3wPSX9ygBnCm8psDIegu,81,200690,False,2022-10-21,,,,,,,,,,,,
TS_02,Shake It Off,Taylor Swift,True,5xTtaWoae3wi06K5WfVUUH,75,219200,False,2014-10-27,,,,,,,,,,,,
TS_03,Love Story (Taylor's Version),Taylor Swift,True,3CeCwYWvdfXbZLXFhBrbnf,78,235766,False,2021-02-12,,,,,,,,,,,,
TS_04,Blank Space,Taylor Swift,True,1p80LdxRV74UKvL8gnD7ky,77,231826,False,2014-10-27,,,,,,,,,,,,
TS_05,Style,Taylor Swift,True,4lIxdJw6W3Fg4vUIYCB0S5,80,231000,False,2014-10-27,,,,,,,,,,,,
TS_06,Delicate,Taylor Swift,True,6NFyWDv5CjfwuzoCkw47Xf,82,232253,False,2017-11-10,,,,,,,,,,,,
TS_07,cardigan,Taylor Swift,True,4R2kfaDFhslZEMJqAFNpdd,86,239560,False,2020-07-24,,,,,,,,,,,,
TS_08,august,Taylor Swift,True,3hUxzQpSfdDqwM3ZTFQY0K,85,261922,False,2020-07-24,,,,,,,,,,,,
TS_09,Lover,Taylor Swift,True,1dGr1c8CrMLDpV6mPbImSI,85,221306,False,2019-08-23,,,,,,,,,,,,
TS_10,All Too Well (10 Minute Version),Taylor Swift,True,5enxwA8aAbwZbf5qCHORXi,82,613026,True,2021-11-12,,,,,,,,,,,,
TS_11,22,Taylor Swift,True,3bIxTsfeNMO7Nt2J3EUKrA,56,230133,False,2012-10-22,,,,,,,,,,,,
TS_12,Wildest Dreams,Taylor Swift,True,59HjlYCeBsxdI0fcm3zglw,73,220440,False,2014-10-27,,,,,,,,,,,,
TS_13,Cruel Summer,Taylor Swift,True,1BxfuPKGuaTgP7aM0Bbdwr,89,178426,False,2019-08-23,,,,,,,,,,,,
TS_14,The 1,Taylor Swift,True,0Jlcvv8IykzHaSmj49uNW8,76,210251,True,2020-07-24,,,,,,,,,,,,
TS_15,Don't Blame Me,Taylor Swift,True,1R0a2iXumgCiFb7HEZ7gUE,83,236413,False,2017-11-10,,,,,,,,,,,,
TW_01,Blinding Lights,The Weeknd,True,0VjIjW4GlUZAMYd2vXMi3b,90,200040,False,2020-03-20,,,,,,,,,,,,
TW_02,Save Your Tears,The Weeknd,True,5QO79kh1waicV47BqGRL3g,87,215626,True,2020-03-20,,,,,,,,,,,,
TW_03,Starboy,The Weeknd,True,7MXVkk9YMctZqd1Srtv4MB,92,230453,True,2016-11-25,,,,,,,,,,,,
TW_04,The Hills,The Weeknd,True,7fBv7CLKzipRk6EC6TWHOB,88,242253,True,2015-08-28,,,,,,,,,,,,
TW_05,Can't Feel My Face,The Weeknd,True,22VdIZQfgXJea34mQxlt81,85,213520,False,2015-08-28,,,,,,,,,,,,
TW_06,Often,The Weeknd,True,4PhsKqMdgMEUSstTDAmMpg,81,249040,True,2015-08-28,,,,,,,,,,,,
TW_07,Earned It,The Weeknd,True,4frLb7nWtsz2ymBE6k2GRP,76,277680,True,2015-08-28,,,,,,,,,,,,
TW_08,Die For You,The Weeknd,True,2Ch7LmS7r2Gy2kc64wv3Bz,81,260252,False,2016-11-25,,,,,,,,,,,,
TW_09,Heartless,The Weeknd,True,6bnF93Rx87YqUBLSgjiMU8,79,198266,True,2020-03-20,,,,,,,,,,,,
TW_10,Take My Breath,The Weeknd,True,2vgUijXOTRMnWXDtvgMp2b,72,339023,False,2022-01-06,,,,,,,,,,,,
TW_11,Call Out My Name,The Weeknd,True,09mEdoA6zrmBPgTEN5qXmN,86,228373,False,2018-03-30,,,,,,,,,,,,
TW_12,After Hours,The Weeknd,True,2p8IUWQDrpjuFltbdgLOag,83,361026,False,2020-03-20,,,,,,,,,,,,
TW_13,In Your Eyes,The Weeknd,True,7szuecWAPwGoV1e5vGu8tl,78,237520,True,2020-03-20,,,,,,,,,,,,
TW_14,Sacrifice,The Weeknd,True,1nH2PkJL1XoUq8oE6tBZoU,72,188918,True,2022-01-06,,,,,,,,,,,,
TW_15,Moth to a Flame,The Weeknd,True,7kfOEMJBJwdCYqyJeEnNhr,74,234000,False,2022-01-03,,,,,,,,,,,,
